{
  "comparison_metrics": {
    "NORMAL": {
      "best_performance": 43878449.0,
      "average_performance": 43878449.0,
      "training_time": 0,
      "stability": 0.0
    },
    "DQN": {
      "best_performance": 27857412.0,
      "average_performance": 32441937.07,
      "training_time": 7460.722483634949,
      "stability": 982140.5316345544
    },
    "PPO": {
      "best_performance": 12887072.0,
      "average_performance": 16408569.51,
      "training_time": 6431.913417816162,
      "stability": 1634187.0007918586
    },
    "A2C": {
      "best_performance": 12471999.0,
      "average_performance": 15234389.89,
      "training_time": 5131.223148107529,
      "stability": 1318708.3981580227
    },
    "SARSA": {
      "best_performance": 22145304.0,
      "average_performance": 27819658.07,
      "training_time": 4044.289941072464,
      "stability": 1233180.644400854
    }
  },
  "best_algorithm": "A2C",
  "best_waiting_time": 12471999.0,
  "improvement_over_baseline": 26.064075168199313,
  "best_models": {
    "DQN": {
      "model_path": "traffic_comparison_best",
      "algorithm": "dqn",
      "waiting_time": 27857412.0,
      "episode": 1
    },
    "PPO": {
      "model_path": "traffic_comparison_best",
      "algorithm": "ppo",
      "waiting_time": 12887072.0,
      "episode": 77
    },
    "A2C": {
      "model_path": "traffic_comparison_best",
      "algorithm": "a2c",
      "waiting_time": 12471999.0,
      "episode": 9
    },
    "SARSA": {
      "model_path": "traffic_comparison_best",
      "algorithm": "sarsa",
      "waiting_time": 22145304.0,
      "episode": 2
    }
  },
  "training_results": {
    "NORMAL": {
      "total_times": [
        43878449.0,
        43878449.0,
        43878449.0,
        43878449.0,
        43878449.0,
        43878449.0,
        43878449.0,
        43878449.0,
        43878449.0,
        43878449.0,
        43878449.0,
        43878449.0,
        43878449.0,
        43878449.0,
        43878449.0,
        43878449.0,
        43878449.0,
        43878449.0,
        43878449.0,
        43878449.0,
        43878449.0,
        43878449.0,
        43878449.0,
        43878449.0,
        43878449.0,
        43878449.0,
        43878449.0,
        43878449.0,
        43878449.0,
        43878449.0,
        43878449.0,
        43878449.0,
        43878449.0,
        43878449.0,
        43878449.0,
        43878449.0,
        43878449.0,
        43878449.0,
        43878449.0,
        43878449.0,
        43878449.0,
        43878449.0,
        43878449.0,
        43878449.0,
        43878449.0,
        43878449.0,
        43878449.0,
        43878449.0,
        43878449.0,
        43878449.0,
        43878449.0,
        43878449.0,
        43878449.0,
        43878449.0,
        43878449.0,
        43878449.0,
        43878449.0,
        43878449.0,
        43878449.0,
        43878449.0,
        43878449.0,
        43878449.0,
        43878449.0,
        43878449.0,
        43878449.0,
        43878449.0,
        43878449.0,
        43878449.0,
        43878449.0,
        43878449.0,
        43878449.0,
        43878449.0,
        43878449.0,
        43878449.0,
        43878449.0,
        43878449.0,
        43878449.0,
        43878449.0,
        43878449.0,
        43878449.0,
        43878449.0,
        43878449.0,
        43878449.0,
        43878449.0,
        43878449.0,
        43878449.0,
        43878449.0,
        43878449.0,
        43878449.0,
        43878449.0,
        43878449.0,
        43878449.0,
        43878449.0,
        43878449.0,
        43878449.0,
        43878449.0,
        43878449.0,
        43878449.0,
        43878449.0,
        43878449.0
      ],
      "best_time": 43878449.0,
      "training_time": 0,
      "algorithm": "NORMAL"
    },
    "DQN": {
      "algorithm": "DQN",
      "total_times": [
        27857412.0,
        32468817.0,
        32534736.0,
        32375913.0,
        30714648.0,
        31578092.0,
        31548445.0,
        29879841.0,
        31208550.0,
        31786345.0,
        31296947.0,
        31800647.0,
        30942901.0,
        31522900.0,
        32800082.0,
        32180518.0,
        33510558.0,
        34367399.0,
        34161880.0,
        33976194.0,
        33120401.0,
        32557423.0,
        34644153.0,
        32914818.0,
        33106756.0,
        32788559.0,
        33619876.0,
        32765211.0,
        32324330.0,
        32214860.0,
        32119423.0,
        32051729.0,
        32073249.0,
        33815447.0,
        32260790.0,
        31914041.0,
        31490604.0,
        31643500.0,
        32251263.0,
        32564744.0,
        32703690.0,
        31485344.0,
        32006767.0,
        32744906.0,
        33074920.0,
        32299167.0,
        32853583.0,
        32265025.0,
        32552889.0,
        33414502.0,
        32711263.0,
        31476693.0,
        32608981.0,
        32491918.0,
        32631471.0,
        32070690.0,
        32183040.0,
        34064016.0,
        31707421.0,
        33058296.0,
        33925191.0,
        31498597.0,
        31949959.0,
        32155064.0,
        31934827.0,
        32885978.0,
        33365751.0,
        33525805.0,
        31241985.0,
        32520050.0,
        33183907.0,
        33382929.0,
        32118381.0,
        32505602.0,
        32767088.0,
        33366764.0,
        32739619.0,
        31344553.0,
        32202874.0,
        33730458.0,
        33844529.0,
        33168742.0,
        32698859.0,
        32946830.0,
        32866430.0,
        33110817.0,
        33513323.0,
        31360038.0,
        33485880.0,
        32184812.0,
        34234371.0,
        31576672.0,
        32070874.0,
        31493206.0,
        31916871.0,
        31947721.0,
        31643362.0,
        31629589.0,
        31759844.0,
        33236971.0
      ],
      "best_time": 27857412.0,
      "best_episode": 1,
      "training_time": 7460.722483634949
    },
    "PPO": {
      "algorithm": "PPO",